{
   "alias_info" : {},
   "app_key" : "system.generated.vive_debugger.exe",
   "bindings" : {
      "/actions/demo" : {
         "poses" : [
            {
               "output" : "/actions/demo/in/hand_left",
               "path" : "/user/hand/left/pose/raw"
            },
            {
               "output" : "/actions/demo/in/hand_right",
               "path" : "/user/hand/right/pose/raw"
            }
         ],
         "sources" : [
            {
               "inputs" : {
                  "position" : {
                     "output" : "/actions/demo/in/analoginput"
                  }
               },
               "mode" : "trackpad",
               "path" : "/user/hand/left/input/trackpad"
            },
            {
               "inputs" : {
                  "click" : {
                     "output" : "/actions/demo/in/hidecubes"
                  }
               },
               "mode" : "button",
               "path" : "/user/hand/left/input/trigger"
            }
         ]
      }
   },
   "controller_type" : "vive_controller",
   "description" : "",
   "name" : "My vive_debugger.exe configuration for Vive Controller",
   "options" : {},
   "simulated_actions" : []
}
