{
    "default_bindings": [
        {
            "controller_type": "vive_controller",
            "binding_url": "vive_debugger_bindings_vive_controller.json"
        }
    ],
    "actions": [
        {
            "name": "/actions/demo/in/HideCubes",
            "type": "boolean"
        },
        {
            "name": "/actions/demo/in/AnalogInput",
            "type": "vector2"
        },
        {
            "name": "/actions/demo/in/Hand_Right",
            "type": "pose"
        },
        {
            "name": "/actions/demo/in/Hand_Left",
            "type": "pose"
        }
    ],
    "localization" : [
        {
            "language_tag": "en_US",
            "/actions/demo/in/AnalogInput" : "Analog Input",
            "/actions/demo/in/Hand_Right" : "Right Hand Pose",
            "/actions/demo/in/Hand_Left" : "Left Hand Pose"
        }
    ]
}
